./.smoke/SmokeBagsExt.tla	ok	SmokeBagsExt	0 units
./.smoke/SmokeBagsExtTests.tla	ok	SmokeBagsExtTests	0 units
./.smoke/SmokeBitwise.tla	ok	SmokeBitwise	0 units
./.smoke/SmokeBitwiseTests.tla	ok	SmokeBitwiseTests	0 units
./.smoke/SmokeCSV.tla	ok	SmokeCSV	0 units
./.smoke/SmokeCSVTests.tla	ok	SmokeCSVTests	0 units
./.smoke/SmokeCombinatorics.tla	ok	SmokeCombinatorics	0 units
./.smoke/SmokeCombinatoricsTests.tla	ok	SmokeCombinatoricsTests	0 units
./.smoke/SmokeFiniteSetsExt.tla	ok	SmokeFiniteSetsExt	0 units
./.smoke/SmokeFiniteSetsExtTests.tla	ok	SmokeFiniteSetsExtTests	0 units
./.smoke/SmokeFolds.tla	ok	SmokeFolds	0 units
./.smoke/SmokeFoldsTests.tla	ok	SmokeFoldsTests	0 units
./.smoke/SmokeFunctions.tla	ok	SmokeFunctions	0 units
./.smoke/SmokeFunctionsTests.tla	ok	SmokeFunctionsTests	0 units
./.smoke/SmokeGraphs.tla	ok	SmokeGraphs	0 units
./.smoke/SmokeGraphsTests.tla	ok	SmokeGraphsTests	0 units
./.smoke/SmokeSequencesExt.tla	ok	SmokeSequencesExt	0 units
./.smoke/SmokeSequencesExtTests.tla	ok	SmokeSequencesExtTests	0 units
./modules/BagsExt.tla	ok	BagsExt	10 units
./modules/Bitwise.tla	ok	Bitwise	15 units
./modules/CSV.tla	ok	CSV	6 units
./modules/Combinatorics.tla	ok	Combinatorics	2 units
./modules/DifferentialEquations.tla	ok	DifferentialEquations	8 units
./modules/DyadicRationals.tla	ok	DyadicRationals	16 units
./modules/FiniteSetsExt.tla	ok	FiniteSetsExt	13 units
./modules/FiniteSetsExtTheorems.tla	ok	FiniteSetsExtTheorems	43 units
./modules/FiniteSetsExtTheorems_proofs.tla	ok	FiniteSetsExtTheorems_proofs	43 units
./modules/Folds.tla	ok	Folds	1 units
./modules/FoldsTheorems.tla	ok	FoldsTheorems	9 units
./modules/FoldsTheorems_proofs.tla	ok	FoldsTheorems_proofs	12 units
./modules/FunctionTheorems.tla	ok	FunctionTheorems	81 units
./modules/FunctionTheorems_proofs.tla	ok	FunctionTheorems_proofs	82 units
./modules/Functions.tla	ok	Functions	19 units
./modules/GraphTheorems.tla	ok	GraphTheorems	29 units
./modules/GraphTheorems_proofs.tla	ok	GraphTheorems_proofs	29 units
./modules/GraphViz.tla	ok	GraphViz	1 units
./modules/Graphs.tla	ok	Graphs	27 units
./modules/HTML.tla	ok	HTML	28 units
./modules/IOUtils.tla	ok	IOUtils	15 units
./modules/Json.tla	ok	Json	18 units
./modules/Quorum.tla	ok	Quorum	1 units
./modules/QuorumTheorems.tla	ok	QuorumTheorems	3 units
./modules/QuorumTheorems_proofs.tla	ok	QuorumTheorems_proofs	3 units
./modules/Relation.tla	ok	Relation	23 units
./modules/SVG.tla	ok	SVG	20 units
./modules/SequencesExt.tla	ok	SequencesExt	50 units
./modules/SequencesExtTheorems.tla	ok	SequencesExtTheorems	106 units
./modules/SequencesExtTheorems_proofs.tla	ok	SequencesExtTheorems_proofs	106 units
./modules/ShiViz.tla	ok	ShiViz	10 units
./modules/Statistics.tla	ok	Statistics	1 units
./modules/UndirectedGraphs.tla	ok	UndirectedGraphs	15 units
./modules/VectorClocks.tla	ok	VectorClocks	4 units
./tests/AllTests.tla	ok	AllTests	0 units
./tests/AllTestsUnix.tla	ok	AllTestsUnix	0 units
./tests/BagsExtTests.tla	ok	BagsExtTests	20 units
./tests/BitwiseTests.tla	ok	BitwiseTests	90 units
./tests/CSVTests.tla	ok	CSVTests	6 units
./tests/CombinatoricsTests.tla	ok	CombinatoricsTests	4 units
./tests/DyadicRationalsTests.tla	ok	DyadicRationalsTests	11 units
./tests/FiniteSetsExtTests.tla	ok	FiniteSetsExtTests	46 units
./tests/FoldsTests.tla	ok	FoldsTests	11 units
./tests/FunctionsTests.tla	ok	FunctionsTests	54 units
./tests/GH037/ShiVizTests.tla	ok	ShiVizTests	19 units
./tests/GraphVizTests.tla	ok	GraphVizTests	2 units
./tests/GraphsTests.tla	ok	GraphsTests	81 units
./tests/IOUtilsTests.tla	ok	IOUtilsTests	25 units
./tests/IOUtilsUnixTests.tla	ok	IOUtilsUnixTests	27 units
./tests/IncompleteStates.tla	ok	IncompleteStates	4 units
./tests/JsonTests.tla	ok	JsonTests	62 units
./tests/RelationTests.tla	ok	RelationTests	34 units
./tests/SVGTests.tla	ok	SVGTests	22 units
./tests/SequencesExtProofs.tla	ok	SequencesExtProofs	1 units
./tests/SequencesExtTests.tla	ok	SequencesExtTests	282 units
./tests/StatisticsTests.tla	ok	StatisticsTests	7 units
./tests/UndirectedGraphsTests.tla	ok	UndirectedGraphsTests	23 units
./tests/VectorClocksTests.tla	ok	VectorClocksTests	14 units
./tests/nested/Counter.tla	ok	Counter	8 units
./tests/nested/CounterCM.tla	ok	CounterCM	10 units
