./specifications/Bakery-Boulangerie/Bakery.tla	ok	Bakery	32 units
./specifications/Bakery-Boulangerie/Boulanger.tla	ok	Boulanger	31 units
./specifications/Bakery-Boulangerie/MCBakery.tla	ok	MCBakery	3 units
./specifications/Bakery-Boulangerie/MCBoulanger.tla	ok	MCBoulanger	4 units
./specifications/CarTalkPuzzle/CarTalkPuzzle.tla	ok	CarTalkPuzzle	8 units
./specifications/CarTalkPuzzle/CarTalkPuzzle.toolbox/Model_1/CarTalkPuzzle.tla	ok	CarTalkPuzzle	6 units
./specifications/CarTalkPuzzle/CarTalkPuzzle.toolbox/Model_1/MC.tla	ok	MC	4 units
./specifications/CarTalkPuzzle/CarTalkPuzzle.toolbox/Model_2/CarTalkPuzzle.tla	ok	CarTalkPuzzle	8 units
./specifications/CarTalkPuzzle/CarTalkPuzzle.toolbox/Model_2/MC.tla	ok	MC	4 units
./specifications/CarTalkPuzzle/CarTalkPuzzle.toolbox/Model_3/CarTalkPuzzle.tla	ok	CarTalkPuzzle	7 units
./specifications/CarTalkPuzzle/CarTalkPuzzle.toolbox/Model_3/MC.tla	ok	MC	4 units
./specifications/Chameneos/APChameneos.tla	ok	APChameneos	5 units
./specifications/Chameneos/Chameneos.tla	ok	Chameneos	18 units
./specifications/CheckpointCoordination/CheckpointCoordination.tla	ok	CheckpointCoordination	43 units
./specifications/CheckpointCoordination/MCCheckpointCoordination.tla	ok	MCCheckpointCoordination	6 units
./specifications/CigaretteSmokers/APCigaretteSmokers.tla	ok	APCigaretteSmokers	5 units
./specifications/CigaretteSmokers/CigaretteSmokers.tla	ok	CigaretteSmokers	13 units
./specifications/CigaretteSmokers/CigaretteSmokers_proof.tla	ok	CigaretteSmokers_proof	11 units
./specifications/CoffeeCan/APCoffeeCan.tla	ok	APCoffeeCan	3 units
./specifications/CoffeeCan/CoffeeCan.tla	ok	CoffeeCan	18 units
./specifications/CoffeeCan/CoffeeCan_proof.tla	ok	CoffeeCan_proof	3 units
./specifications/DieHard/APADieHardest.tla	ok	APADieHardest	7 units
./specifications/DieHard/APDieHarder.tla	ok	APDieHarder	5 units
./specifications/DieHard/DieHard.tla	ok	DieHard	13 units
./specifications/DieHard/DieHard_proof.tla	ok	DieHard_proof	2 units
./specifications/DieHard/DieHarder.tla	ok	DieHarder	12 units
./specifications/DieHard/DieHardest.tla	ok	DieHardest	17 units
./specifications/DieHard/MCDieHarder.tla	ok	MCDieHarder	2 units
./specifications/DieHard/MCDieHardest.tla	ok	MCDieHardest	4 units
./specifications/DiningPhilosophers/APDiningPhilosophers.tla	ok	APDiningPhilosophers	3 units
./specifications/DiningPhilosophers/DiningPhilosophers.tla	ok	DiningPhilosophers	24 units
./specifications/Disruptor/APDisruptor_MPMC.tla	ok	APDisruptor_MPMC	6 units
./specifications/Disruptor/APDisruptor_SPMC.tla	ok	APDisruptor_SPMC	6 units
./specifications/Disruptor/APRingBuffer.tla	ok	APRingBuffer	3 units
./specifications/Disruptor/Disruptor_MPMC.tla	ok	Disruptor_MPMC	30 units
./specifications/Disruptor/Disruptor_SPMC.tla	ok	Disruptor_SPMC	25 units
./specifications/Disruptor/RingBuffer.tla	ok	RingBuffer	18 units
./specifications/EinsteinRiddle/Einstein.tla	ok	Einstein	29 units
./specifications/FiniteMonotonic/APCRDT.tla	ok	APCRDT	4 units
./specifications/FiniteMonotonic/APDistributedReplicatedLog.tla	ok	APDistributedReplicatedLog	6 units
./specifications/FiniteMonotonic/APReplicatedLog.tla	ok	APReplicatedLog	5 units
./specifications/FiniteMonotonic/CRDT.tla	ok	CRDT	16 units
./specifications/FiniteMonotonic/CRDT_proof.tla	ok	CRDT_proof	21 units
./specifications/FiniteMonotonic/DistributedReplicatedLog.tla	ok	DistributedReplicatedLog	16 units
./specifications/FiniteMonotonic/MCCRDT.tla	ok	MCCRDT	6 units
./specifications/FiniteMonotonic/MCDistributedReplicatedLog.tla	ok	MCDistributedReplicatedLog	3 units
./specifications/FiniteMonotonic/MCReplicatedLog.tla	ok	MCReplicatedLog	6 units
./specifications/FiniteMonotonic/ReplicatedLog.tla	ok	ReplicatedLog	22 units
./specifications/FlashProtocol/APFlashWithMutex.tla	ok	APFlashWithMutex	8 units
./specifications/FlashProtocol/FlashWithMutex.tla	ok	FlashWithMutex	138 units
./specifications/FlashProtocol/MCFlashWithMutex.tla	ok	MCFlashWithMutex	1 units
./specifications/FlashProtocol/MCFlashWithMutexLive.tla	ok	MCFlashWithMutexLive	0 units
./specifications/GameOfLife/GameOfLife.tla	ok	GameOfLife	13 units
./specifications/GermanProtocol/APGermanCMPWithMutex.tla	ok	APGermanCMPWithMutex	6 units
./specifications/GermanProtocol/APGermanControl.tla	ok	APGermanControl	5 units
./specifications/GermanProtocol/APGermanData.tla	ok	APGermanData	7 units
./specifications/GermanProtocol/GermanCMPWithMutex.tla	ok	GermanCMPWithMutex	22 units
./specifications/GermanProtocol/GermanControl.tla	ok	GermanControl	17 units
./specifications/GermanProtocol/GermanData.tla	ok	GermanData	32 units
./specifications/GermanProtocol/MCGermanCMPWithMutex.tla	ok	MCGermanCMPWithMutex	1 units
./specifications/GermanProtocol/MCGermanControl.tla	ok	MCGermanControl	5 units
./specifications/GermanProtocol/MCGermanData.tla	ok	MCGermanData	1 units
./specifications/Huang/Huang.tla	ok	Huang	23 units
./specifications/KeyValueStore/APKeyValueStore.tla	ok	APKeyValueStore	6 units
./specifications/KeyValueStore/ClientCentric.tla	ok	ClientCentric	39 units
./specifications/KeyValueStore/KVsnap.tla	ok	KVsnap	22 units
./specifications/KeyValueStore/KeyValueStore.tla	ok	KeyValueStore	16 units
./specifications/KeyValueStore/KeyValueStore_proof.tla	ok	KeyValueStore_proof	2 units
./specifications/KeyValueStore/MCKVS.tla	ok	MCKVS	1 units
./specifications/KeyValueStore/MCKVsnap.tla	ok	MCKVsnap	2 units
./specifications/KeyValueStore/Util.tla	ok	Util	13 units
./specifications/KnuthYao/KnuthYao.tla	ok	KnuthYao	9 units
./specifications/KnuthYao/Prob.tla	ok	Prob	13 units
./specifications/KnuthYao/SimKnuthYao.tla	ok	SimKnuthYao	10 units
./specifications/LearnProofs/AddTwo.tla	ok	AddTwo	10 units
./specifications/LearnProofs/FindHighest.tla	ok	FindHighest	17 units
./specifications/LearnProofs/MCFindHighest.tla	ok	MCFindHighest	6 units
./specifications/LeastCircularSubstring/LeastCircularSubstring.tla	ok	LeastCircularSubstring	26 units
./specifications/LeastCircularSubstring/MCLeastCircularSubstring.tla	ok	MCLeastCircularSubstring	3 units
./specifications/LeastCircularSubstring/ZSequences.tla	ok	ZSequences	13 units
./specifications/LevelChecking/LevelSpec.tla	ok	LevelSpec	54 units
./specifications/LoopInvariance/BinarySearch.tla	ok	BinarySearch	16 units
./specifications/LoopInvariance/MCBinarySearch.tla	ok	MCBinarySearch	3 units
./specifications/LoopInvariance/MCQuicksort.tla	ok	MCQuicksort	3 units
./specifications/LoopInvariance/Quicksort.tla	ok	Quicksort	32 units
./specifications/LoopInvariance/SumSequence.tla	ok	SumSequence	24 units
./specifications/Majority/APMajority.tla	ok	APMajority	4 units
./specifications/Majority/MCMajority.tla	ok	MCMajority	6 units
./specifications/Majority/Majority.tla	ok	Majority	13 units
./specifications/Majority/MajorityProof.tla	ok	MajorityProof	9 units
./specifications/MisraReachability/APParReach.tla	ok	APParReach	7 units
./specifications/MisraReachability/APReachable.tla	ok	APReachable	6 units
./specifications/MisraReachability/MCParReach.tla	ok	MCParReach	2 units
./specifications/MisraReachability/MCReachabilityTest.tla	ok	MCReachabilityTest	4 units
./specifications/MisraReachability/MCReachable.tla	ok	MCReachable	2 units
./specifications/MisraReachability/ParReach.tla	ok	ParReach	24 units
./specifications/MisraReachability/ParReachProofs.tla	ok	ParReachProofs	2 units
./specifications/MisraReachability/Reachability.tla	ok	Reachability	5 units
./specifications/MisraReachability/ReachabilityProofs.tla	ok	ReachabilityProofs	4 units
./specifications/MisraReachability/ReachabilityTest.tla	ok	ReachabilityTest	6 units
./specifications/MisraReachability/Reachable.tla	ok	Reachable	18 units
./specifications/MisraReachability/ReachableProofs.tla	ok	ReachableProofs	4 units
./specifications/MissionariesAndCannibals/APMissionariesAndCannibals.tla	ok	APMissionariesAndCannibals	5 units
./specifications/MissionariesAndCannibals/MissionariesAndCannibals.tla	ok	MissionariesAndCannibals	9 units
./specifications/MissionariesAndCannibals/MissionariesAndCannibals_proof.tla	ok	MissionariesAndCannibals_proof	3 units
./specifications/Moving_Cat_Puzzle/APCat.tla	ok	APCat	3 units
./specifications/Moving_Cat_Puzzle/Cat.tla	ok	Cat	14 units
./specifications/MultiCarElevator/Elevator.tla	ok	Elevator	28 units
./specifications/MultiCarElevator/Elevator_proof.tla	ok	Elevator_proof	24 units
./specifications/MultiPaxos-SMR/MultiPaxos.tla	ok	MultiPaxos	51 units
./specifications/MultiPaxos-SMR/MultiPaxos_MC.tla	ok	MultiPaxos_MC	14 units
./specifications/N-Queens/Queens.tla	ok	Queens	14 units
./specifications/N-Queens/Queens.toolbox/FourQueens/MC.tla	ok	MC	4 units
./specifications/N-Queens/Queens.toolbox/FourQueens/Queens.tla	ok	Queens	14 units
./specifications/N-Queens/QueensPluscal.tla	ok	QueensPluscal	18 units
./specifications/N-Queens/QueensPluscal.toolbox/FourQueens/MC.tla	ok	MC	5 units
./specifications/N-Queens/QueensPluscal.toolbox/FourQueens/QueensPluscal.tla	ok	QueensPluscal	18 units
./specifications/NanoBlockchain/MCNano.tla	ok	MCNano	18 units
./specifications/NanoBlockchain/Nano.tla	ok	Nano	52 units
./specifications/Paxos/Consensus.tla	ok	Consensus	12 units
./specifications/Paxos/MCConsensus.tla	ok	MCConsensus	3 units
./specifications/Paxos/MCPaxos.tla	ok	MCPaxos	19 units
./specifications/Paxos/MCVoting.tla	ok	MCVoting	13 units
./specifications/Paxos/Paxos.tla	ok	Paxos	20 units
./specifications/Paxos/Voting.tla	ok	Voting	31 units
./specifications/PaxosHowToWinATuringAward/Consensus.tla	ok	Consensus	8 units
./specifications/PaxosHowToWinATuringAward/MCConsensus.tla	ok	MCConsensus	2 units
./specifications/PaxosHowToWinATuringAward/MCPaxos.tla	ok	MCPaxos	9 units
./specifications/PaxosHowToWinATuringAward/MCVoting.tla	ok	MCVoting	7 units
./specifications/PaxosHowToWinATuringAward/Paxos.tla	ok	Paxos	21 units
./specifications/PaxosHowToWinATuringAward/Voting.tla	ok	Voting	27 units
./specifications/PaxosHowToWinATuringAward/Voting_proof.tla	ok	Voting_proof	6 units
./specifications/Prisoners/APPrisoners.tla	ok	APPrisoners	5 units
./specifications/Prisoners/MCPrisoners.tla	ok	MCPrisoners	2 units
./specifications/Prisoners/Prisoners.tla	ok	Prisoners	17 units
./specifications/Prisoners_Single_Switch/APPrisoner.tla	ok	APPrisoner	4 units
./specifications/Prisoners_Single_Switch/Prisoner.tla	ok	Prisoner	17 units
./specifications/ReadersWriters/APReadersWriters.tla	ok	APReadersWriters	6 units
./specifications/ReadersWriters/MC.tla	ok	MC	1 units
./specifications/ReadersWriters/ReadersWriters.tla	ok	ReadersWriters	23 units
./specifications/ReadersWriters/ReadersWriters_proof.tla	ok	ReadersWriters_proof	7 units
./specifications/SDP_Verification/SDP_Attack_New_Solution_Spec/MC.tla	ok	MC	9 units
./specifications/SDP_Verification/SDP_Attack_New_Solution_Spec/SPA_Attack_New.tla	ok	SPA_Attack_New	129 units
./specifications/SDP_Verification/SDP_Attack_Spec/MC.tla	ok	MC	9 units
./specifications/SDP_Verification/SDP_Attack_Spec/SPA_Attack.tla	ok	SPA_Attack	131 units
./specifications/SimplifiedFastPaxos/FastPaxos.tla	ok	FastPaxos	17 units
./specifications/SimplifiedFastPaxos/Paxos.tla	ok	Paxos	31 units
./specifications/SingleLaneBridge/APSingleLaneBridge.tla	ok	APSingleLaneBridge	7 units
./specifications/SingleLaneBridge/MC.tla	ok	MC	4 units
./specifications/SingleLaneBridge/SingleLaneBridge.tla	ok	SingleLaneBridge	35 units
./specifications/SlidingPuzzles/SlidingPuzzles.tla	ok	SlidingPuzzles	14 units
./specifications/SlidingPuzzles/SlidingPuzzles_anim.tla	ok	SlidingPuzzles_anim	20 units
./specifications/SlushProtocol/Slush.tla	ok	Slush	43 units
./specifications/SpanningTree/APSpanTree.tla	ok	APSpanTree	6 units
./specifications/SpanningTree/SpanTree.tla	ok	SpanTree	12 units
./specifications/SpanningTree/SpanTreeRandom.tla	ok	SpanTreeRandom	13 units
./specifications/SpanningTree/SpanTreeTest.tla	ok	SpanTreeTest	12 units
./specifications/SpanningTree/SpanTree_proof.tla	ok	SpanTree_proof	2 units
./specifications/SpecifyingSystems/AdvancedExamples/BNFGrammars.tla	ok	BNFGrammars	13 units
./specifications/SpecifyingSystems/AdvancedExamples/DifferentialEquations.tla	ok	DifferentialEquations	8 units
./specifications/SpecifyingSystems/AdvancedExamples/Graphs.tla	ok	Graphs	10 units
./specifications/SpecifyingSystems/AdvancedExamples/InnerSequential.tla	ok	InnerSequential	12 units
./specifications/SpecifyingSystems/AdvancedExamples/InnerSerial.tla	ok	InnerSerial	19 units
./specifications/SpecifyingSystems/AdvancedExamples/MCInnerSequential.tla	ok	MCInnerSequential	3 units
./specifications/SpecifyingSystems/AdvancedExamples/MCInnerSerial.tla	ok	MCInnerSerial	5 units
./specifications/SpecifyingSystems/AdvancedExamples/RegisterInterface.tla	ok	RegisterInterface	8 units
./specifications/SpecifyingSystems/AdvancedExamples/SerialMemory.tla	ok	SerialMemory	2 units
./specifications/SpecifyingSystems/AsynchronousInterface/APAsynchInterface.tla	ok	APAsynchInterface	4 units
./specifications/SpecifyingSystems/AsynchronousInterface/APChannel.tla	ok	APChannel	4 units
./specifications/SpecifyingSystems/AsynchronousInterface/AsynchInterface.tla	ok	AsynchInterface	9 units
./specifications/SpecifyingSystems/AsynchronousInterface/AsynchInterface_proof.tla	ok	AsynchInterface_proof	1 units
./specifications/SpecifyingSystems/AsynchronousInterface/Channel.tla	ok	Channel	9 units
./specifications/SpecifyingSystems/AsynchronousInterface/Channel_proof.tla	ok	Channel_proof	1 units
./specifications/SpecifyingSystems/AsynchronousInterface/PrintValues.tla	ok	PrintValues	2 units
./specifications/SpecifyingSystems/CachingMemory/InternalMemory.tla	ok	InternalMemory	9 units
./specifications/SpecifyingSystems/CachingMemory/InternalMemory_proof.tla	ok	InternalMemory_proof	4 units
./specifications/SpecifyingSystems/CachingMemory/MCInternalMemory.tla	ok	MCInternalMemory	3 units
./specifications/SpecifyingSystems/CachingMemory/MCWriteThroughCache.tla	ok	MCWriteThroughCache	14 units
./specifications/SpecifyingSystems/CachingMemory/Memory.tla	ok	Memory	2 units
./specifications/SpecifyingSystems/CachingMemory/MemoryInterface.tla	ok	MemoryInterface	4 units
./specifications/SpecifyingSystems/CachingMemory/WriteThroughCache.tla	ok	WriteThroughCache	21 units
./specifications/SpecifyingSystems/CachingMemory/WriteThroughCacheInstanced.tla	ok	WriteThroughCacheInstanced	25 units
./specifications/SpecifyingSystems/Composing/APChannel.tla	ok	APChannel	4 units
./specifications/SpecifyingSystems/Composing/APHourClock.tla	ok	APHourClock	2 units
./specifications/SpecifyingSystems/Composing/BinaryHourClock.tla	ok	BinaryHourClock	6 units
./specifications/SpecifyingSystems/Composing/Channel.tla	ok	Channel	9 units
./specifications/SpecifyingSystems/Composing/ChannelRefinement.tla	ok	ChannelRefinement	8 units
./specifications/SpecifyingSystems/Composing/Channel_proof.tla	ok	Channel_proof	1 units
./specifications/SpecifyingSystems/Composing/CompositeFIFO.tla	ok	CompositeFIFO	13 units
./specifications/SpecifyingSystems/Composing/HourClock.tla	ok	HourClock	5 units
./specifications/SpecifyingSystems/Composing/HourClock_proof.tla	ok	HourClock_proof	1 units
./specifications/SpecifyingSystems/Composing/InternalMemory.tla	ok	InternalMemory	9 units
./specifications/SpecifyingSystems/Composing/InternalMemory_proof.tla	ok	InternalMemory_proof	4 units
./specifications/SpecifyingSystems/Composing/JointActionMemory.tla	ok	JointActionMemory	5 units
./specifications/SpecifyingSystems/Composing/MemoryInterface.tla	ok	MemoryInterface	4 units
./specifications/SpecifyingSystems/FIFO/APChannel.tla	ok	APChannel	4 units
./specifications/SpecifyingSystems/FIFO/APInnerFIFO.tla	ok	APInnerFIFO	5 units
./specifications/SpecifyingSystems/FIFO/APInnerFIFOInstanced.tla	ok	APInnerFIFOInstanced	5 units
./specifications/SpecifyingSystems/FIFO/APMCInnerFIFO.tla	ok	APMCInnerFIFO	5 units
./specifications/SpecifyingSystems/FIFO/Channel.tla	ok	Channel	9 units
./specifications/SpecifyingSystems/FIFO/Channel_proof.tla	ok	Channel_proof	1 units
./specifications/SpecifyingSystems/FIFO/FIFO.tla	ok	FIFO	4 units
./specifications/SpecifyingSystems/FIFO/InnerFIFO.tla	ok	InnerFIFO	13 units
./specifications/SpecifyingSystems/FIFO/InnerFIFOInstanced.tla	ok	InnerFIFOInstanced	23 units
./specifications/SpecifyingSystems/FIFO/InnerFIFO_proof.tla	ok	InnerFIFO_proof	1 units
./specifications/SpecifyingSystems/FIFO/MCInnerFIFO.tla	ok	MCInnerFIFO	2 units
./specifications/SpecifyingSystems/HourClock/APHourClock.tla	ok	APHourClock	2 units
./specifications/SpecifyingSystems/HourClock/APHourClock2.tla	ok	APHourClock2	2 units
./specifications/SpecifyingSystems/HourClock/HourClock.tla	ok	HourClock	5 units
./specifications/SpecifyingSystems/HourClock/HourClock2.tla	ok	HourClock2	3 units
./specifications/SpecifyingSystems/HourClock/HourClock_proof.tla	ok	HourClock_proof	1 units
./specifications/SpecifyingSystems/Liveness/APHourClock.tla	ok	APHourClock	2 units
./specifications/SpecifyingSystems/Liveness/APLiveHourClock.tla	ok	APLiveHourClock	2 units
./specifications/SpecifyingSystems/Liveness/HourClock.tla	ok	HourClock	5 units
./specifications/SpecifyingSystems/Liveness/HourClock_proof.tla	ok	HourClock_proof	1 units
./specifications/SpecifyingSystems/Liveness/InternalMemory.tla	ok	InternalMemory	9 units
./specifications/SpecifyingSystems/Liveness/InternalMemory_proof.tla	ok	InternalMemory_proof	4 units
./specifications/SpecifyingSystems/Liveness/LiveHourClock.tla	ok	LiveHourClock	5 units
./specifications/SpecifyingSystems/Liveness/LiveInternalMemory.tla	ok	LiveInternalMemory	6 units
./specifications/SpecifyingSystems/Liveness/LiveWriteThroughCache.tla	ok	LiveWriteThroughCache	4 units
./specifications/SpecifyingSystems/Liveness/MCInternalMemory.tla	ok	MCInternalMemory	3 units
./specifications/SpecifyingSystems/Liveness/MCLiveInternalMemory.tla	ok	MCLiveInternalMemory	3 units
./specifications/SpecifyingSystems/Liveness/MCLiveWriteThroughCache.tla	ok	MCLiveWriteThroughCache	20 units
./specifications/SpecifyingSystems/Liveness/Memory.tla	ok	Memory	2 units
./specifications/SpecifyingSystems/Liveness/MemoryInterface.tla	ok	MemoryInterface	4 units
./specifications/SpecifyingSystems/Liveness/WriteThroughCacheInstanced.tla	ok	WriteThroughCacheInstanced	25 units
./specifications/SpecifyingSystems/RealTime/HourClock.tla	ok	HourClock	5 units
./specifications/SpecifyingSystems/RealTime/HourClock_proof.tla	ok	HourClock_proof	1 units
./specifications/SpecifyingSystems/RealTime/InternalMemory.tla	ok	InternalMemory	9 units
./specifications/SpecifyingSystems/RealTime/InternalMemory_proof.tla	ok	InternalMemory_proof	4 units
./specifications/SpecifyingSystems/RealTime/MCRealTime.tla	ok	MCRealTime	8 units
./specifications/SpecifyingSystems/RealTime/MCRealTimeHourClock.tla	ok	MCRealTimeHourClock	18 units
./specifications/SpecifyingSystems/RealTime/Memory.tla	ok	Memory	2 units
./specifications/SpecifyingSystems/RealTime/MemoryInterface.tla	ok	MemoryInterface	4 units
./specifications/SpecifyingSystems/RealTime/RTMemory.tla	ok	RTMemory	5 units
./specifications/SpecifyingSystems/RealTime/RTWriteThroughCache.tla	ok	RTWriteThroughCache	15 units
./specifications/SpecifyingSystems/RealTime/RealTimeHourClock.tla	ok	RealTimeHourClock	8 units
./specifications/SpecifyingSystems/RealTime/RealTime_SS.tla	ok	RealTime_SS	3 units
./specifications/SpecifyingSystems/RealTime/WriteThroughCache.tla	ok	WriteThroughCache	21 units
./specifications/SpecifyingSystems/SimpleMath/SimpleMath.tla	ok	SimpleMath	10 units
./specifications/SpecifyingSystems/Standard/Bags.tla	ok	Bags	15 units
./specifications/SpecifyingSystems/Standard/FiniteSets.tla	ok	FiniteSets	4 units
./specifications/SpecifyingSystems/Standard/Integers.tla	ok	Integers	3 units
./specifications/SpecifyingSystems/Standard/Naturals.tla	ok	Naturals	13 units
./specifications/SpecifyingSystems/Standard/Peano.tla	ok	Peano	5 units
./specifications/SpecifyingSystems/Standard/ProtoReals.tla	ok	ProtoReals	13 units
./specifications/SpecifyingSystems/Standard/Reals.tla	ok	Reals	4 units
./specifications/SpecifyingSystems/Standard/Sequences.tla	ok	Sequences	9 units
./specifications/SpecifyingSystems/Syntax/BNFGrammars.tla	ok	BNFGrammars	13 units
./specifications/SpecifyingSystems/Syntax/TLAPlusGrammar.tla	ok	TLAPlusGrammar	16 units
./specifications/SpecifyingSystems/TLC/ABCorrectness.tla	ok	ABCorrectness	11 units
./specifications/SpecifyingSystems/TLC/AlternatingBit.tla	ok	AlternatingBit	17 units
./specifications/SpecifyingSystems/TLC/AlternatingBit_proof.tla	ok	AlternatingBit_proof	5 units
./specifications/SpecifyingSystems/TLC/BNFGrammars.tla	ok	BNFGrammars	13 units
./specifications/SpecifyingSystems/TLC/ConfigFileGrammar.tla	ok	ConfigFileGrammar	10 units
./specifications/SpecifyingSystems/TLC/MCAlternatingBit.tla	ok	MCAlternatingBit	4 units
./specifications/Stones/Stones.tla	ok	Stones	8 units
./specifications/TLC/MCReachability.tla	ok	MCReachability	17 units
./specifications/TLC/StateGraphs.tla	ok	StateGraphs	46 units
./specifications/TLC/TLCMC.tla	ok	TLCMC	26 units
./specifications/TLC/TestGraphs.tla	ok	TestGraphs	4 units
./specifications/TLC/TestMCReachability.tla	ok	TestMCReachability	2 units
./specifications/TeachingConcurrency/Simple.tla	ok	Simple	18 units
./specifications/TeachingConcurrency/SimpleRegular.tla	ok	SimpleRegular	19 units
./specifications/TeachingConcurrency/SimpleRegular_proof.tla	ok	SimpleRegular_proof	2 units
./specifications/TeachingConcurrency/Simple_proof.tla	ok	Simple_proof	2 units
./specifications/TransitiveClosure/TransitiveClosure.tla	ok	TransitiveClosure	11 units
./specifications/TwoPhase/Alternate.tla	ok	Alternate	5 units
./specifications/TwoPhase/MCTwoPhase.tla	ok	MCTwoPhase	4 units
./specifications/TwoPhase/TwoPhase.tla	ok	TwoPhase	11 units
./specifications/TwoPhase/TwoPhase_proof.tla	ok	TwoPhase_proof	1 units
./specifications/YoYo/MCYoYoNoPruning.tla	ok	MCYoYoNoPruning	4 units
./specifications/YoYo/MCYoYoPruning.tla	ok	MCYoYoPruning	4 units
./specifications/YoYo/YoYoAllGraphs.tla	ok	YoYoAllGraphs	26 units
./specifications/YoYo/YoYoNoPruning.tla	ok	YoYoNoPruning	25 units
./specifications/YoYo/YoYoPruning.tla	ok	YoYoPruning	26 units
./specifications/aba-asyn-byz/aba_asyn_byz.tla	ok	aba_asyn_byz	24 units
./specifications/acp/ACP_NB.tla	ok	ACP_NB	17 units
./specifications/acp/ACP_NB_TLC.tla	ok	ACP_NB_TLC	2 units
./specifications/acp/ACP_NB_WRONG_TLC.tla	ok	ACP_NB_WRONG_TLC	12 units
./specifications/acp/ACP_SB.tla	ok	ACP_SB	40 units
./specifications/acp/ACP_SB_TLC.tla	ok	ACP_SB_TLC	2 units
./specifications/acp/APACP_SB.tla	ok	APACP_SB	4 units
./specifications/allocator/AllocatorImplementation.tla	ok	AllocatorImplementation	34 units
./specifications/allocator/AllocatorImplementation_proof.tla	ok	AllocatorImplementation_proof	11 units
./specifications/allocator/AllocatorRefinement.tla	ok	AllocatorRefinement	3 units
./specifications/allocator/SchedulingAllocator.tla	ok	SchedulingAllocator	32 units
./specifications/allocator/SchedulingAllocator_proof.tla	ok	SchedulingAllocator_proof	13 units
./specifications/allocator/SimpleAllocator.tla	ok	SimpleAllocator	24 units
./specifications/allocator/SimpleAllocator_proof.tla	ok	SimpleAllocator_proof	3 units
./specifications/barriers/APBarrier.tla	ok	APBarrier	4 units
./specifications/barriers/Barrier.tla	ok	Barrier	11 units
./specifications/barriers/Barriers.tla	ok	Barriers	49 units
./specifications/bcastByz/bcastByz.tla	ok	bcastByz	44 units
./specifications/bcastFolklore/APbcastFolklore.tla	ok	APbcastFolklore	3 units
./specifications/bcastFolklore/bcastFolklore.tla	ok	bcastFolklore	23 units
./specifications/bosco/APbosco.tla	ok	APbosco	3 units
./specifications/bosco/bosco.tla	ok	bosco	35 units
./specifications/braf/BufferedRandomAccessFile.tla	ok	BufferedRandomAccessFile	41 units
./specifications/btree/btree.tla	ok	btree	42 units
./specifications/btree/kvstore.tla	ok	kvstore	20 units
./specifications/byihive/VoucherCancel.tla	ok	VoucherCancel	23 units
./specifications/byihive/VoucherIssue.tla	ok	VoucherIssue	23 units
./specifications/byihive/VoucherLifeCycle.tla	ok	VoucherLifeCycle	12 units
./specifications/byihive/VoucherLifeCycle_proof.tla	ok	VoucherLifeCycle_proof	2 units
./specifications/byihive/VoucherRedeem.tla	ok	VoucherRedeem	23 units
./specifications/byihive/VoucherTransfer.tla	ok	VoucherTransfer	23 units
./specifications/byzpaxos/BPConProof.tla	ok	BPConProof	81 units
./specifications/byzpaxos/Consensus.tla	ok	Consensus	16 units
./specifications/byzpaxos/PConProof.tla	ok	PConProof	37 units
./specifications/byzpaxos/VoteProof.tla	ok	VoteProof	48 units
./specifications/c1cs/APc1cs.tla	ok	APc1cs	6 units
./specifications/c1cs/c1cs.tla	ok	c1cs	26 units
./specifications/cbc_max/cbc_max.tla	ok	cbc_max	29 units
./specifications/cf1s-folklore/APcf1s_folklore.tla	ok	APcf1s_folklore	3 units
./specifications/cf1s-folklore/cf1s_folklore.tla	ok	cf1s_folklore	18 units
./specifications/chang_roberts/APChangRoberts.tla	ok	APChangRoberts	5 units
./specifications/chang_roberts/ChangRoberts.tla	ok	ChangRoberts	18 units
./specifications/chang_roberts/MCChangRoberts.tla	ok	MCChangRoberts	5 units
./specifications/dag-consensus/BlockDag.tla	ok	BlockDag	14 units
./specifications/dag-consensus/BlockDagTest.tla	ok	BlockDagTest	18 units
./specifications/dag-consensus/Digraph.tla	ok	Digraph	7 units
./specifications/dag-consensus/Sailfish.tla	ok	Sailfish	17 units
./specifications/dag-consensus/TLCSailfish1.tla	ok	TLCSailfish1	18 units
./specifications/dag-consensus/TLCSailfish2.tla	ok	TLCSailfish2	15 units
./specifications/dag-consensus/Utils.tla	ok	Utils	2 units
./specifications/detector_chan96/Age_Channel.tla	ok	Age_Channel	9 units
./specifications/detector_chan96/EPFailureDetector.tla	ok	EPFailureDetector	12 units
./specifications/detector_chan96/EnvironmentController.tla	ok	EnvironmentController	30 units
./specifications/dijkstra-mutex/DijkstraMutex.tla	ok	DijkstraMutex	27 units
./specifications/dijkstra-mutex/DijkstraMutex.toolbox/LSpec-model/DijkstraMutex.tla	ok	DijkstraMutex	27 units
./specifications/dijkstra-mutex/DijkstraMutex.toolbox/LSpec-model/MC.tla	ok	MC	5 units
./specifications/dijkstra-mutex/DijkstraMutex.toolbox/Safety-4-processors/DijkstraMutex.tla	ok	DijkstraMutex	27 units
./specifications/dijkstra-mutex/DijkstraMutex.toolbox/Safety-4-processors/MC.tla	ok	MC	4 units
./specifications/diskpaxos/DiskSynod.tla	ok	DiskSynod	20 units
./specifications/diskpaxos/HDiskSynod.tla	ok	HDiskSynod	14 units
./specifications/diskpaxos/MC_HDiskSynod.tla	ok	MC_HDiskSynod	3 units
./specifications/diskpaxos/Synod.tla	ok	Synod	8 units
./specifications/echo/Echo.tla	ok	Echo	27 units
./specifications/echo/MCEcho.tla	ok	MCEcho	5 units
./specifications/echo/Relation.tla	ok	Relation	8 units
./specifications/ewd426/APTokenRing.tla	ok	APTokenRing	4 units
./specifications/ewd426/SimTokenRing.tla	ok	SimTokenRing	4 units
./specifications/ewd426/TokenRing.tla	ok	TokenRing	16 units
./specifications/ewd687a/EWD687a.tla	ok	EWD687a	27 units
./specifications/ewd687a/EWD687aPlusCal.tla	ok	EWD687aPlusCal	22 units
./specifications/ewd687a/EWD687a_anim.tla	ok	EWD687a_anim	16 units
./specifications/ewd687a/EWD687a_proof.tla	ok	EWD687a_proof	8 units
./specifications/ewd687a/MCEWD687a.tla	ok	MCEWD687a	4 units
./specifications/ewd840/APEWD840.tla	ok	APEWD840	3 units
./specifications/ewd840/APSyncTerminationDetection.tla	ok	APSyncTerminationDetection	3 units
./specifications/ewd840/EWD840.tla	ok	EWD840	29 units
./specifications/ewd840/EWD840_anim.tla	ok	EWD840_anim	25 units
./specifications/ewd840/EWD840_json.tla	ok	EWD840_json	1 units
./specifications/ewd840/EWD840_proof.tla	ok	EWD840_proof	14 units
./specifications/ewd840/SyncTerminationDetection.tla	ok	SyncTerminationDetection	16 units
./specifications/ewd840/SyncTerminationDetection_proof.tla	ok	SyncTerminationDetection_proof	5 units
./specifications/ewd998/AsyncTerminationDetection.tla	ok	AsyncTerminationDetection	23 units
./specifications/ewd998/AsyncTerminationDetection_proof.tla	ok	AsyncTerminationDetection_proof	5 units
./specifications/ewd998/EWD998.tla	ok	EWD998	31 units
./specifications/ewd998/EWD998Chan.tla	ok	EWD998Chan	27 units
./specifications/ewd998/EWD998ChanID.tla	ok	EWD998ChanID	38 units
./specifications/ewd998/EWD998ChanID_export.tla	ok	EWD998ChanID_export	5 units
./specifications/ewd998/EWD998ChanID_shiviz.tla	ok	EWD998ChanID_shiviz	4 units
./specifications/ewd998/EWD998ChanTrace.tla	ok	EWD998ChanTrace	19 units
./specifications/ewd998/EWD998Chan_opts.tla	ok	EWD998Chan_opts	16 units
./specifications/ewd998/EWD998PCal.tla	ok	EWD998PCal	23 units
./specifications/ewd998/EWD998PCal_proof.tla	ok	EWD998PCal_proof	38 units
./specifications/ewd998/EWD998_anim.tla	ok	EWD998_anim	28 units
./specifications/ewd998/EWD998_opts.tla	ok	EWD998_opts	20 units
./specifications/ewd998/EWD998_optsSC.tla	ok	EWD998_optsSC	6 units
./specifications/ewd998/EWD998_proof.tla	ok	EWD998_proof	30 units
./specifications/ewd998/Folds.tla	ok	Folds	1 units
./specifications/ewd998/SmokeEWD998.tla	ok	SmokeEWD998	6 units
./specifications/ewd998/SmokeEWD998_SC.tla	ok	SmokeEWD998_SC	4 units
./specifications/ewd998/Utils.tla	ok	Utils	1 units
./specifications/glowingRaccoon/APclean.tla	ok	APclean	3 units
./specifications/glowingRaccoon/APstages.tla	ok	APstages	3 units
./specifications/glowingRaccoon/clean.tla	ok	clean	17 units
./specifications/glowingRaccoon/clean_proof.tla	ok	clean_proof	5 units
./specifications/glowingRaccoon/product.tla	ok	product	21 units
./specifications/glowingRaccoon/stages.tla	ok	stages	15 units
./specifications/glowingRaccoon/stages_proof.tla	ok	stages_proof	3 units
./specifications/lamport_mutex/APLamportMutex.tla	ok	APLamportMutex	3 units
./specifications/lamport_mutex/LamportMutex.tla	ok	LamportMutex	26 units
./specifications/lamport_mutex/LamportMutex_proofs.tla	ok	LamportMutex_proofs	29 units
./specifications/lamport_mutex/MCLamportMutex.tla	ok	MCLamportMutex	3 units
./specifications/locks_auxiliary_vars/Lock.tla	ok	Lock	16 units
./specifications/locks_auxiliary_vars/LockHS.tla	ok	LockHS	22 units
./specifications/locks_auxiliary_vars/Peterson.tla	ok	Peterson	24 units
./specifications/locks_auxiliary_vars/Stuttering.tla	ok	Stuttering	9 units
./specifications/nbacc_ray97/nbacc_ray97.tla	ok	nbacc_ray97	19 units
./specifications/nbacg_guer01/APnbacg_guer01.tla	ok	APnbacg_guer01	3 units
./specifications/nbacg_guer01/nbacg_guer01.tla	ok	nbacg_guer01	24 units
./specifications/spanning/APspanning.tla	ok	APspanning	7 units
./specifications/spanning/MC_spanning.tla	ok	MC_spanning	1 units
./specifications/spanning/spanning.tla	ok	spanning	15 units
./specifications/spanning/spanning_proof.tla	ok	spanning_proof	5 units
./specifications/sums_even/MC_sums_even.tla	ok	MC_sums_even	4 units
./specifications/sums_even/sums_even.tla	ok	sums_even	4 units
./specifications/tcp/APtcp.tla	ok	APtcp	4 units
./specifications/tcp/IndInv_apa.tla	ok	IndInv_apa	24 units
./specifications/tcp/MCtcp.tla	ok	MCtcp	6 units
./specifications/tcp/tcp.tla	ok	tcp	33 units
./specifications/tcp/tcp_proof.tla	ok	tcp_proof	33 units
./specifications/tower_of_hanoi/Bits.tla	ok	Bits	4 units
./specifications/tower_of_hanoi/Hanoi.tla	ok	Hanoi	18 units
./specifications/tower_of_hanoi/Hanoi.toolbox/Model_1/Bits.tla	ok	Bits	4 units
./specifications/tower_of_hanoi/Hanoi.toolbox/Model_1/Hanoi.tla	ok	Hanoi	18 units
./specifications/tower_of_hanoi/Hanoi.toolbox/Model_1/MC.tla	ok	MC	3 units
./specifications/tower_of_hanoi/HanoiSeq.tla	ok	HanoiSeq	14 units
./specifications/tower_of_hanoi/Hanoi_anim.tla	ok	Hanoi_anim	18 units
./specifications/transaction_commit/2PCwithBTM.tla	ok	2PCwithBTM	26 units
./specifications/transaction_commit/APTCommit.tla	ok	APTCommit	4 units
./specifications/transaction_commit/PaxosCommit.tla	ok	PaxosCommit	22 units
./specifications/transaction_commit/PaxosCommit_proof.tla	ok	PaxosCommit_proof	14 units
./specifications/transaction_commit/TCommit.tla	ok	TCommit	12 units
./specifications/transaction_commit/TCommit_proof.tla	ok	TCommit_proof	2 units
./specifications/transaction_commit/TwoPhase.tla	ok	TwoPhase	17 units
./specifications/transaction_commit/TwoPhase_proof.tla	ok	TwoPhase_proof	7 units
